"개방자치단체코드","관리번호","인허가일자","인허가취소일자","영업상태코드","영업상태명","상세영업상태코드","상세영업상태명","폐업일자","휴업시작일자","휴업종료일자","재개업일자","전화번호","소재지면적","소재지우편번호","지번주소","도로명주소","도로명우편번호","사업장명","최종수정일자","데이터갱신구분","데이터갱신일자","업태구분명","좌표정보(X)","좌표정보(Y)","위생업태명","건물지상층수","건물지하층수","사용시작지상층","사용끝지상층","사용시작지하층","사용끝지하층","한실수","양실수","욕실수","발한실여부","좌석수","조건부허가신고사유","조건부허가시작일자","조건부허가종료일자","건물소유구분명","세탁기수","여성종사자수","남성종사자수","회수건조수","침대수","다중이용업소여부"
"3040000","3040000-201-1964-00001","19640403","","01","영업/정상","01","영업","","","","","02 4530121","35,314.55","143800","서울특별시 광진구 광장동 22-1번지 ","서울특별시 광진구 워커힐로 177 (광장동)","04963","워커힐","2017-04-19 17:14:17","I","2018-08-31 23:59:59.0","관광호텔","209775.267831522    ","450327.57709331     ","관광호텔","0","0","0","0","0","0","6","924","0","Y","0","","","","","0","","","0","0","N"
"3040000","3040000-201-1968-00001","19680801","","03","폐업","02","폐업","20171227","","","","02 4648905","52.82","143915","서울특별시 광진구 화양동 115-8번지 ","서울특별시 광진구 능동로19길 44 (화양동)","05009","대원장여관","2017-12-27 11:05:48","I","2018-08-31 23:59:59.0","여관업","206230.137612806    ","449477.471659316    ","여관업","0","0","0","0","0","0","2","8","0","N","0","","","","","0","","","0","0","N"
"3040000","3040000-201-1968-00002","19681108","","03","폐업","02","폐업","20061020","","","","02 4635280","180.16","143915","서울특별시 광진구 화양동 111-129번지 ","","","뉴서울장여관","2002-02-04 00:00:00","I","2018-08-31 23:59:59.0","여관업","206409.22550824     ","449399.18185658     ","여관업","0","0","0","","0","","10","0","0","N","0","","","","","","","","","","N"
"3040000","3040000-201-1969-00001","19690709","","03","폐업","02","폐업","20210118","","","","02  457 0778","194.94","143961","서울특별시 광진구 구의동 228-7 ","서울특별시 광진구 구의로16길 9 (구의동)","05033","올인","2021-01-18 09:31:58","U","2021-01-20 02:40:00.0","여관업","207976.829405633    ","449075.181117362    ","여관업","0","0","0","0","0","0","0","16","0","Y","0","","","","","0","","","0","0","N"
"3040000","3040000-201-1969-00002","19690625","","03","폐업","02","폐업","20191119","","","","02 4656604","68.00","143846","서울특별시 광진구 자양동 236-64번지 ","서울특별시 광진구 뚝섬로 475-6 (자양동)","05080","동궁여관","2019-11-19 14:50:41","U","2019-11-21 02:40:00.0","여관업","205519.120649001    ","448299.291012925    ","여관업","0","0","0","0","0","0","3","8","0","N","0","","","","","0","","","0","0","N"
"3040000","3040000-201-1969-00003","19691206","","03","폐업","02","폐업","20180528","","","","02 4613040","131.90","143902","서울특별시 광진구 중곡동 212-13번지 ","서울특별시 광진구 답십리로82길 38 (중곡동)","04902","대림여관","2018-05-28 09:12:47","I","2018-08-31 23:59:59.0","여관업","207208.850172699    ","451942.725870556    ","여관업","0","0","0","0","0","0","4","10","0","N","0","","","","","0","","","0","0","N"
"3040000","3040000-201-1969-00004","19691021","","03","폐업","02","폐업","20120217","","","","02 4977279","108.28","143916","서울특별시 광진구 화양동 17-55번지 ","","","수도장여관","2010-05-17 11:16:41","I","2018-08-31 23:59:59.0","여관업","206084.819278987    ","449348.522634712    ","여관업","0","0","0","0","0","0","5","12","0","N","0","","","","","0","","","0","0","N"
"3040000","3040000-201-1970-00007","19700702","","03","폐업","02","폐업","20080905","","","","02 4699707","50.00","143902","서울특별시 광진구 중곡동 196-11번지 ","","","도원여관","2003-08-01 00:00:00","I","2018-08-31 23:59:59.0","여관업","207343.773689462    ","451935.251493803    ","여관업","","","","","","","3","8","","Y","","","","","","","","","","","N"
"3040000","3040000-201-1970-00008","19700825","","01","영업/정상","01","영업","","","","","02 4631981","64.74","143916","서울특별시 광진구 화양동 23-39번지 ","서울특별시 광진구 동일로 168 (화양동)","05007","큐(Q)","2018-11-30 16:01:14","U","2018-12-04 02:40:00.0","여관업","205850.752898178    ","449421.557205139    ","여관업","0","0","0","0","0","0","3","14","0","Y","0","","","","","0","","","0","0","N"
"3040000","3040000-201-1970-00009","19700810","","01","영업/정상","01","영업","","","","","02 4632043","89.00","143917","서울특별시 광진구 화양동 41-3번지 ","서울특별시 광진구 동일로 148 (화양동)","05014","그랜드모텔","2018-12-18 11:14:18","U","2018-12-20 02:40:00.0","여관업","205776.113127654    ","449246.304001248    ","여관업","0","0","0","0","0","0","0","14","0","Y","0","","","","","0","","","0","0","N"
"3040000","3040000-201-1970-00010","19700711","","03","폐업","02","폐업","20080414","","","","02 4639024","76.32","143916","서울특별시 광진구 화양동 17-15번지 ","","","신진장여관","2008-03-27 13:18:44","I","2018-08-31 23:59:59.0","여관업","206105.618676172    ","449434.168347332    ","여관업","0","0","0","","0","","4","4","0","N","0","","","","","","","","","","N"
"3040000","3040000-201-1970-00011","19700818","","03","폐업","02","폐업","20150421","","","","02 4469947","110.48","143852","서울특별시 광진구 자양동 219-11번지 ","서울특별시 광진구 아차산로46가길 15 (자양동)","05055","금수여관","2015-02-09 15:56:41","I","2018-08-31 23:59:59.0","여관업","207166.289513299    ","448243.971533181    ","여관업","","","","","","","4","10","","N","","","","","","","","","","","N"
"3040000","3040000-201-1970-00012","19701220","","03","폐업","02","폐업","20151013","","","","02 4574959","100.00","143821","서울특별시 광진구 구의동 202-12번지 ","서울특별시 광진구 구의로16길 45 (구의동)","05033","세화장","2013-12-24 09:55:52","I","2018-08-31 23:59:59.0","여관업","208143.339194157    ","448992.82262005     ","여관업","0","0","0","","0","","0","18","0","N","0","","","","","","","","","","N"
"3040000","3040000-201-1971-00008","19711123","","01","영업/정상","01","영업","","","","","02  34360778","126.01","143819","서울특별시 광진구 구의동 67-21번지 ","서울특별시 광진구 광나루로 517-5 (구의동)","04976","황금모텔","2019-02-25 09:54:04","U","2019-02-27 02:40:00.0","여관업","207616.439261264    ","449241.028369767    ","여관업","0","0","0","0","0","0","0","15","0","Y","0","","","","","0","","","0","0","N"
"3040000","3040000-201-1971-00009","19711111","","01","영업/정상","01","영업","","","","","02  497 7714","291.56","143914","서울특별시 광진구 화양동 12-20번지 ","서울특별시 광진구 아차산로33길 67-4 (화양동)","05011","신한모텔","2019-02-20 11:12:09","U","2019-02-22 02:40:00.0","여관업","206217.242616575    ","449008.155441597    ","여관업","0","0","0","0","0","0","4","6","0","Y","0","","","","","0","","","0","0","N"
"3040000","3040000-201-1971-00010","19710619","","01","영업/정상","01","영업","","","","","02 4632459","83.08","143915","서울특별시 광진구 화양동 132-7 ","서울특별시 광진구 능동로19길 53 (화양동)","05009","은하장여관","2021-01-07 11:06:03","U","2021-01-09 02:40:00.0","여관업","206179.144514521    ","449459.028334444    ","여관업","0","0","0","0","0","0","0","7","0","N","0","","","","","0","","","0","0","N"
"3040000","3040000-201-1971-00011","19711028","","01","영업/정상","01","영업","","","","","02 4646044","101.73","143915","서울특별시 광진구 화양동 132-64번지 ","서울특별시 광진구 능동로17길 55 (화양동)","05010","호림장여관","2019-02-20 11:12:45","U","2019-02-22 02:40:00.0","여관업","206151.025099262    ","449389.395434969    ","여관업","0","0","0","0","0","0","5","8","0","N","0","","","","","0","","","0","0","N"
"3040000","3040000-201-1971-00012","19710412","","03","폐업","02","폐업","20060529","","","","02 4665844","46.99","143840","서울특별시 광진구 군자동 361-10번지 ","","","월성장여관","2002-02-06 00:00:00","I","2018-08-31 23:59:59.0","여관업","","","여관업","0","0","0","","0","","0","7","0","Y","0","","","","","","","","","","N"
"3040000","3040000-201-1971-00013","19710930","","03","폐업","02","폐업","20140626","","","","02 4661308","54.39","143840","서울특별시 광진구 군자동 346-34번지 ","서울특별시 광진구 군자로11길 3 (군자동)","05002","대성여관","2006-06-09 00:00:00","I","2018-08-31 23:59:59.0","여관업","206184.745945791    ","449821.075972402    ","여관업","","","","","","","1","8","","N","","","","","","","","","","","N"
"3040000","3040000-201-1971-00014","19710728","","03","폐업","02","폐업","20200708","","","","02 4644903","68.91","143846","서울특별시 광진구 자양동 202-9 ","서울특별시 광진구 동일로4길 2 (자양동)","05081","영화여관","2020-07-08 11:28:47","U","2020-07-10 02:40:00.0","여관업","205329.672408805    ","448223.589777113    ","여관업","0","0","0","0","0","0","1","8","0","N","0","","","","","0","","","0","0","N"
"3040000","3040000-201-1971-00015","19711209","","01","영업/정상","01","영업","","","","","02 4621828","161.66","143903","서울특별시 광진구 중곡동 239-6번지 ","서울특별시 광진구 긴고랑로7길 7 (중곡동)","04912","부림장여관","2018-11-30 16:16:41","U","2018-12-04 02:40:00.0","여관업","206919.434237423    ","451288.62120607     ","여관업","0","0","0","0","0","0","0","9","0","N","0","","","","","0","","","0","0","N"
"3040000","3040000-201-1972-00010","19720108","","03","폐업","02","폐업","20060518","","","","0222018484","51.36","143918","서울특별시 광진구 구의동 244-21번지 ","","","미림모텔","2003-03-22 00:00:00","I","2018-08-31 23:59:59.0","여인숙업","207852.583763932    ","448462.944797315    ","여인숙업","","","","","","","10","2","","N","","","","","","","","","","","N"
"3040000","3040000-201-1972-00011","19720529","","03","폐업","02","폐업","20160610","","","","02 4643363","117.31","143916","서울특별시 광진구 화양동 23-19번지 ","서울특별시 광진구 동일로 170-3 (화양동)","","제논모텔","2008-08-20 13:18:14","I","2018-08-31 23:59:59.0","여관업","205876.67679        ","449450.564265       ","여관업","0","0","0","","0","","4","10","0","N","0","","","","","","","","","","N"
"3040000","3040000-201-1972-00012","19720915","","01","영업/정상","01","영업","","","","","02 4543428","110.08","143890","서울특별시 광진구 중곡동 125-7번지 2,3층 ","서울특별시 광진구 용마산로7길 6 (중곡동,2,3층)","04922","중곡여관","2018-11-30 16:20:37","U","2018-12-04 02:40:00.0","여관업","207645.772261667    ","450760.601452669    ","여관업","0","0","0","0","0","0","3","8","0","N","0","","","","","0","","","0","0","N"
"3040000","3040000-201-1972-00013","19721021","","03","폐업","02","폐업","20140605","","","","02 4630762","244.12","143912","서울특별시 광진구 중곡동 648-14번지 ","서울특별시 광진구 능동로37길 6 (중곡동)","04919","라보장여관","2013-01-30 13:27:11","I","2018-08-31 23:59:59.0","여관업","206961.612379341    ","450659.222622896    ","여관업","","","","","","","2","8","","N","","","","","","","","","","","N"
"3040000","3040000-201-1972-00014","19720111","","03","폐업","02","폐업","20141001","","","","","70.00","143819","서울특별시 광진구 구의동 66-56번지 ","서울특별시 광진구 광나루로39길 6-8 (구의동)","","양지여인숙","2010-01-11 16:50:43","I","2018-08-31 23:59:59.0","여인숙업","207832.827392372    ","449213.548262043    ","여인숙업","","","","","","","13","","","N","","","","","","","","","","","N"
"3040000","3040000-201-1972-00015","19721004","","03","폐업","02","폐업","20161021","","","","02 4442133","57.94","143959","서울특별시 광진구 구의동 224-62번지 ","서울특별시 광진구 아차산로65길 91 (구의동)","05036","충남여인숙","2012-07-30 13:20:46","I","2018-08-31 23:59:59.0","여인숙업","207922.258448794    ","448941.28050133     ","여인숙업","","","","","","","10","","","N","","","","","","","","","","","N"
"3040000","3040000-201-1972-00016","19720105","","03","폐업","02","폐업","19960209","","","","020000 000",".00","143820","서울특별시 광진구 구의동 123-10번지 ","","","신선여관","2002-08-02 00:00:00","I","2018-08-31 23:59:59.0","여관업","207914.409931135    ","449250.0181398      ","여관업","0","0","0","","0","","0","0","0","N","0","","","","","","","","","","N"
"3040000","3040000-201-1973-00002","19730409","","03","폐업","02","폐업","20200121","","","","0204535131","3,790.50","143803","서울특별시 광진구 광장동 188-2번지 ","서울특별시 광진구 아차산로78길 147 (광장동)","04969","한강호텔","2020-02-10 18:39:39","U","2020-02-12 02:40:00.0","관광호텔","209602.113978282    ","449468.709626347    ","관광호텔","0","0","0","0","0","0","32","84","0","Y","168","","","","","0","","","0","0","N"
"3040000","3040000-201-1973-00006","19730108","","03","폐업","02","폐업","20040720","","","","02 4689367","48.13","143900","서울특별시 광진구 중곡동 169-31번지 ","","","우리여관","2002-01-30 00:00:00","I","2018-08-31 23:59:59.0","여관업","207243.764500411    ","451784.351747486    ","여관업","0","0","0","","0","","4","4","0","Y","0","","","","","","","","","","N"
"3040000","3040000-201-1973-00012","19730625","","03","폐업","02","폐업","20140109","","","","02 4671405","97.53","143916","서울특별시 광진구 화양동 18-23번지 ","서울특별시 광진구 동일로30길 45 (화양동)","","럭키원룸텔","2014-01-09 15:47:33","I","2018-08-31 23:59:59.0","여관업","206096.153140085    ","449483.578510445    ","여관업","0","0","0","","0","","0","11","0","N","0","","","","","","","","","","N"
"3040000","3040000-201-1973-00013","19730201","","03","폐업","02","폐업","20210423","","","","02 4524783","96.41","143809","서울특별시 광진구 광장동 334-12 ","서울특별시 광진구 광장로 89 (광장동)","04967","광장모텔","2021-04-23 10:18:32","U","2021-04-25 02:40:00.0","여관업","209375.068351656    ","449558.030455124    ","여관업","0","0","0","0","0","0","0","9","0","N","0","","","","","0","","","0","0","N"
"3040000","3040000-201-1973-00016","19731116","","03","폐업","02","폐업","20061215","","","","02 4611245","46.74","143901","서울특별시 광진구 중곡동 192-25번지 ","","","동창여인숙","2006-10-24 00:00:00","I","2018-08-31 23:59:59.0","여인숙업","207072.103908258    ","451463.631630118    ","여인숙업","0","0","0","","0","","11","0","0","N","0","","","","","","","","","","N"
"3040000","3040000-201-1973-00017","19730910","","03","폐업","02","폐업","20200309","","","","02 4633067","134.45","143916","서울특별시 광진구 화양동 20-2번지 ","서울특별시 광진구 동일로30길 16 (화양동)","05007","몰디브","2020-03-09 17:47:57","U","2020-03-11 02:40:00.0","여관업","205952.636613911    ","449477.914464833    ","여관업","0","0","1","2","0","0","0","8","0","Y","0","","","","","0","","","0","0","N"
"3040000","3040000-201-1973-00018","19731201","","01","영업/정상","01","영업","","","","","02 4672858","65.76","143917","서울특별시 광진구 화양동 49-5번지 ","서울특별시 광진구 동일로22길 28 (화양동)","05020","초원모텔","2018-11-30 16:05:02","U","2018-12-04 02:40:00.0","여관업","205747.652768191    ","448872.271285572    ","여관업","0","0","0","0","0","0","0","12","0","N","0","","","","","0","","","0","0","N"
"3040000","3040000-201-1973-00019","19730831","","01","영업/정상","01","영업","","","","","02 4646273","130.01","143841","서울특별시 광진구 자양동 10-6번지 ","서울특별시 광진구 아차산로26길 39 (자양동)","05072","시마모텔","2019-03-22 11:11:36","U","2019-03-24 02:40:00.0","여관업","205725.117770632    ","448588.18053061     ","여관업","0","0","0","0","0","0","0","31","0","N","0","","","","","0","","","0","0","N"
"3040000","3040000-201-1973-00020","19731029","","03","폐업","02","폐업","20081111","","","","02 4664771","86.61","143903","서울특별시 광진구 중곡동 230-3번지 ","","","천일여관","2008-08-22 11:39:05","I","2018-08-31 23:59:59.0","여관업","207108.88364276     ","451388.5589897      ","여관업","0","0","0","","0","","3","10","0","N","0","","","","","","","","","","N"
"3040000","3040000-201-1973-00021","19730425","","01","영업/정상","01","영업","","","","","02 4661175","91.80","143903","서울특별시 광진구 중곡동 240-2번지 ","서울특별시 광진구 면목로 109-1 (중곡동)","04911","동서여관","2019-12-10 13:17:14","U","2019-12-12 02:40:00.0","여관업","206975.515697662    ","451256.913989812    ","여관업","0","0","0","0","0","0","0","12","0","N","0","","","","","0","","","0","0","N"
"3040000","3040000-201-1973-00022","19731128","","01","영업/정상","01","영업","","","","","02 4449137","104.59","143890","서울특별시 광진구 중곡동 116-2","서울특별시 광진구 용마산로1길 11 (중곡동)","04931","영빈여관","2022-10-20 14:48:55","U","2021-10-30 22:02:00.0","여관업","207674.703483018","450278.085518096","","","","","","","","","","","","","","","","","","","","","",""
"3040000","3040000-201-1973-00023","19730910","","03","폐업","02","폐업","20140207","","","","02 4666819","60.82","143900","서울특별시 광진구 중곡동 172-17번지 ","서울특별시 광진구 능동로51길 44-7 (중곡동)","04908","동명여인숙","2008-08-22 11:35:28","I","2018-08-31 23:59:59.0","여인숙업","207177.046415807    ","451622.65959935     ","여인숙업","0","0","0","","0","","11","0","0","N","0","","","","","","","","","","N"
"3040000","3040000-201-1973-00024","19730928","","03","폐업","02","폐업","20060417","","","","02 4668465","54.05","143904","서울특별시 광진구 중곡동 242-6번지 ","","","대성여인숙","2003-07-07 00:00:00","I","2018-08-31 23:59:59.0","여인숙업","207101.530625332    ","451139.361123744    ","여인숙업","","","","","","","10","","","N","","","","","","","","","","","N"
"3040000","3040000-201-1973-00025","19730122","","03","폐업","02","폐업","20030421","","","","024639 282",".00","143916","서울특별시 광진구 화양동 23-18번지 ","","","신라장여관","2003-04-21 00:00:00","I","2018-08-31 23:59:59.0","여관업","205866.109696       ","449455.294697       ","여관업","","","","","","","","","","Y","","","","","","","","","","","N"
"3040000","3040000-201-1974-00001","19740907","","03","폐업","02","폐업","20040730","","","","02 4678963","109.71","143838","서울특별시 광진구 군자동 477-13번지 ","","","그린장여관","2003-03-19 00:00:00","I","2018-08-31 23:59:59.0","여관업","","","여관업","","","","","","","5","10","","N","","","","","","","","","","","N"
"3040000","3040000-201-1975-00001","19751226","","01","영업/정상","01","영업","","","","","02 4663761","230.76","143150","서울특별시 광진구 군자동 464-7번지 ,8 ","서울특별시 광진구 동일로 296 (군자동,,8)","04994","모텔위드","2019-02-19 18:01:06","U","2019-02-21 02:40:00.0","여관업","206393.795051971    ","450598.775043342    ","여관업","0","0","0","0","0","0","0","18","0","N","0","","","","","0","","","0","0","N"
"3040000","3040000-201-1975-00002","19750919","","03","폐업","02","폐업","20030421","","","","02 4675973","52.78","143838","서울특별시 광진구 군자동 468-10번지 ","","","유성장여관","2003-04-21 00:00:00","I","2018-08-31 23:59:59.0","여관업","206640.074441978    ","450592.011699712    ","여관업","","","","","","","2","5","","N","","","","","","","","","","","N"
"3040000","3040000-201-1975-00003","19751227","","03","폐업","02","폐업","20070112","","","","02 4672746","89.35","143838","서울특별시 광진구 군자동 474-33번지 ","","","황실장","2002-02-22 00:00:00","I","2018-08-31 23:59:59.0","여관업","206783.322151534    ","450444.349578064    ","여관업","0","0","0","","0","","2","10","0","N","0","","","","","","","","","","N"
"3040000","3040000-201-1976-00001","19760422","","03","폐업","02","폐업","20061229","","","","02 4646273","53.24","143841","서울특별시 광진구 자양동 16-32번지 ","","","금강장여관","2002-02-14 00:00:00","I","2018-08-31 23:59:59.0","여관업","205572.347699585    ","448649.251680257    ","여관업","0","0","0","","0","","3","8","0","N","0","","","","","","","","","","N"
"3040000","3040000-201-1976-00002","19760722","","01","영업/정상","01","영업","","","","","02 4658084","88.79","143838","서울특별시 광진구 군자동 471-16번지 ","서울특별시 광진구 능동로35길 37 (군자동)","04996","투모텔","2018-12-18 11:21:51","U","2018-12-20 02:40:00.0","여관업","206732.350570372    ","450545.404232696    ","여관업","0","0","0","0","0","0","3","8","0","N","0","","","","","0","","","0","0","N"
"3040000","3040000-201-1976-00003","19760710","","03","폐업","02","폐업","20030421","","","","02 4523756","304.60","143838","서울특별시 광진구 군자동 478-3번지 ","","","동궁여관","2003-04-21 00:00:00","I","2018-08-31 23:59:59.0","여관업","206861.445367861    ","450515.197344269    ","여관업","","","","","","","5","12","","N","","","","","","","","","","","N"
"3040000","3040000-201-1976-00004","19760525","","03","폐업","02","폐업","20030421","","","","02 4535006","42.57","143892","서울특별시 광진구 중곡동 146-14번지 ","","","신흥여인숙","2003-04-21 00:00:00","I","2018-08-31 23:59:59.0","여인숙업","","","여인숙업","","","","","","","10","","","N","","","","","","","","","","","N"
"3040000","3040000-201-1977-00017","19770131","","03","폐업","02","폐업","20030421","","","","02 4658800","110.86","143914","서울특별시 광진구 화양동 12-58번지 ","","","화성여관","2003-04-21 00:00:00","I","2018-08-31 23:59:59.0","여관업","206180.147459569    ","449150.971803716    ","여관업","","","","","","","5","17","","N","","","","","","","","","","","N"
"3040000","3040000-201-1977-00018","19771026","","03","폐업","02","폐업","20170531","","","","02 4650436","87.14","143915","서울특별시 광진구 화양동 110-17번지 2,3층 ","서울특별시 광진구 능동로19길 54, 2.3층 (화양동)","05009","삼희장여관","2017-05-31 17:47:40","I","2018-08-31 23:59:59.0","여관업","206194.49065368     ","449473.639071044    ","여관업","0","0","0","","0","","4","8","0","Y","0","","","","","","","","","","N"
"3040000","3040000-201-1977-00019","19771224","","03","폐업","02","폐업","20080218","","","","02 4638306","36.85","143916","서울특별시 광진구 화양동 19-36번지 ","","","삼정장여관","2007-08-09 16:21:12","I","2018-08-31 23:59:59.0","여관업","206016.91896912     ","449440.803746835    ","여관업","0","0","0","","0","","2","5","0","N","0","","","","","","","","","","N"
"3040000","3040000-201-1977-00020","19770803","","03","폐업","02","폐업","20051024","","","","02 4478719","178.64","143825","서울특별시 광진구 구의동 246-19번지 ","","","수복장","2003-07-07 00:00:00","I","2018-08-31 23:59:59.0","여관업","207349.413333333    ","448291.247333334    ","여관업","","","","","","","2","10","","Y","","","","","","","","","","","N"
"3040000","3040000-201-1977-00021","19770803","","03","폐업","02","폐업","20131203","","","","02 4449233","464.48","143824","서울특별시 광진구 구의동 235-32번지 ","서울특별시 광진구 자양로 188 (구의동)","05031","마리모텔","2009-07-15 15:08:58","I","2018-08-31 23:59:59.0","여관업","207469.0073079      ","449117.498947757    ","여관업","","","","","","","3","12","","Y","","","","","","","","","","","N"
"3040000","3040000-201-1977-00022","19770804","","03","폐업","02","폐업","20111229","","","","02 4995939","164.13","143916","서울특별시 광진구 화양동 17-67번지 ","","","낙원장모텔","2010-09-27 13:03:13","I","2018-08-31 23:59:59.0","여관업","206033.295051512    ","449358.55943254     ","여관업","0","0","0","","0","","11","0","0","N","0","","","","","","","","","","N"
"3040000","3040000-201-1977-00023","19770107","","03","폐업","02","폐업","20080415","","","","02 4679245","55.43","143838","서울특별시 광진구 군자동 474-39번지 ","","","신흥여인숙","2007-03-23 00:00:00","I","2018-08-31 23:59:59.0","여인숙업","206806.85236752     ","450473.851829058    ","여인숙업","","","","","","","12","","","N","","","","","","","","","","","N"
"3040000","3040000-201-1978-00001","19781230","","03","폐업","02","폐업","20190424","","","","02 4669225","142.32","143916","서울특별시 광진구 화양동 19-8번지 ","서울특별시 광진구 광나루로14길 21 (화양동)","05008","그리고모텔","2019-04-24 15:13:45","U","2019-04-26 02:40:00.0","여관업","206000.050486909    ","449435.975736557    ","여관업","0","0","0","0","0","0","4","14","0","Y","0","","","","","0","","","0","0","N"
"3040000","3040000-201-1978-00002","19780117","","01","영업/정상","01","영업","","","","","024611 141","202.45","143916","서울특별시 광진구 화양동 20-28번지 ","서울특별시 광진구 동일로28길 23 (화양동)","05007","리베라","2019-09-17 13:30:07","U","2019-09-19 02:40:00.0","여관업","205947.076748379    ","449370.890070262    ","여관업","0","0","1","3","0","0","4","8","0","Y","0","","","","","0","","","0","0","N"
"3040000","3040000-201-1978-00003","19780228","","03","폐업","02","폐업","20220523","","","","02 4649725","138.39","143916","서울특별시 광진구 화양동 20-29","서울특별시 광진구 동일로30길 20 (화양동)","05007","더블유모텔","2022-05-23 16:52:18","U","2021-12-04 22:05:00.0","여관업","205961.764977757","449472.181772305","","","","","","","","","","","","","","","","","","","","","",""
"3040000","3040000-201-1978-00004","19781228","","03","폐업","02","폐업","20090526","","","","02 4644249","100.42","143916","서울특별시 광진구 화양동 17-42번지 ","","","신화여관","2008-08-22 11:54:27","I","2018-08-31 23:59:59.0","여관업","206048.749663867    ","449394.309587762    ","여관업","","","","","","","4","9","","N","","","","","","","","","","","N"
"3040000","3040000-201-1978-00005","19780128","","03","폐업","02","폐업","20191216","","","","02 4657722","170.82","143916","서울특별시 광진구 화양동 23-9번지 ","서울특별시 광진구 동일로 172-7 (화양동)","05007","진흥장여관","2019-12-16 15:40:59","U","2019-12-18 02:40:00.0","여관업","205896.067189956    ","449468.715624744    ","여관업","0","0","1","3","0","0","0","14","0","N","0","","","","","0","","","0","0","N"
"3040000","3040000-201-1978-00006","19780731","","03","폐업","02","폐업","20151006","","","","02 4638220","62.73","143916","서울특별시 광진구 화양동 33-22번지 ","서울특별시 광진구 동일로26길 43-7 (화양동)","05015","복부여인숙","2002-02-28 00:00:00","I","2018-08-31 23:59:59.0","여인숙업","205979.445981944    ","449210.920516184    ","여인숙업","0","0","0","","0","","9","0","0","N","0","","","","","","","","","","N"
"3040000","3040000-201-1979-00001","19790721","","03","폐업","02","폐업","20180326","","","","02 4978315","107.93","143916","서울특별시 광진구 화양동 20-45번지 ","서울특별시 광진구 광나루로14길 24 (화양동)","","보보스모텔","2018-03-26 18:19:34","I","2018-08-31 23:59:59.0","여관업","205973.009996644    ","449430.970445084    ","여관업","0","0","0","0","0","0","5","12","0","Y","0","","","","","0","","","0","0","N"
"3040000","3040000-201-1980-00001","19801224","","03","폐업","02","폐업","20031010","","","","02 4467403","425.87","143853","서울특별시 광진구 자양동 779-10번지 ","","","미림장","2003-10-04 00:00:00","I","2018-08-31 23:59:59.0","여관업","","","여관업","","","","","","","35","3","","N","","","","","","","","","","","N"
"3040000","3040000-201-1981-00011","19811216","","01","영업/정상","01","영업","","","","","02 4575108","193.38","143890","서울특별시 광진구 중곡동 117-7","서울특별시 광진구 용마산로 17-1 (중곡동)","04931","이화장여관","2022-07-08 17:43:56","U","2021-12-06 23:02:00.0","여관업","207708.547487608","450339.074193646","","","","","","","","","","","","","","","","","","","","","",""
"3040000","3040000-201-1981-00012","19811130","","03","폐업","02","폐업","20210622","","","","024624 466","271.11","143916","서울특별시 광진구 화양동 18-12 ","서울특별시 광진구 동일로30길 31 (화양동)","05008","구구","2021-06-22 13:15:51","U","2021-06-24 02:40:00.0","여관업","206035.411630184    ","449492.689248766    ","여관업","0","0","0","0","0","0","0","40","0","N","0","","","","","0","","","0","0","N"
"3040000","3040000-201-1981-00013","19811130","","03","폐업","02","폐업","20110829","","","","02 4639192","296.35","143916","서울특별시 광진구 화양동 19-39번지 ","","","서울장여관","2010-01-11 17:17:33","I","2018-08-31 23:59:59.0","여관업","206009.647100978    ","449459.410984083    ","여관업","","","","","","","13","","","Y","","","","","","","","","","","N"
"3040000","3040000-201-1981-00014","19810803","","01","영업/정상","01","영업","","","","","","51.13","143916","서울특별시 광진구 화양동 23-25번지 ","서울특별시 광진구 동일로 170-10, 1,2층 (화양동)","05007","세종여관","2019-12-04 10:42:22","U","2019-12-06 02:40:00.0","여관업","205891.152578951    ","449429.760473314    ","여관업","0","0","0","0","0","0","0","11","0","N","0","","","","","0","","","0","0","N"
"3040000","3040000-201-1981-00015","19811117","","03","폐업","02","폐업","20210422","","","","02 4637790","692.97","143915","서울특별시 광진구 화양동 121-9 ","서울특별시 광진구 능동로19길 49 (화양동)","","두바이모텔","2021-04-22 11:21:04","U","2021-04-24 02:40:00.0","여관업","206198.471629412    ","449452.181425242    ","여관업","0","0","2","3","0","0","0","19","0","N","0","","","","","0","","","0","0","N"
"3040000","3040000-201-1981-00016","19810701","","03","폐업","02","폐업","20191011","","","","02 4650643","151.11","143916","서울특별시 광진구 화양동 23-8번지 ","서울특별시 광진구 동일로 172-3 (화양동)","05007","초림장모텔","2019-10-11 13:38:26","U","2019-10-13 02:40:00.0","여관업","205886.039402435    ","449472.014830515    ","여관업","0","0","0","0","0","0","0","9","0","N","0","","","","","0","","","0","0","N"
"3040000","3040000-201-1981-00017","19811110","","03","폐업","02","폐업","20180914","","","","02  456 5675","58.66","143864","서울특별시 광진구 자양동 584-13번지 ","서울특별시 광진구 자양번영로 11 (자양동)","05093","황토방여관","2018-09-17 10:32:22","U","2018-09-17 23:59:59.0","여관업","206533.049484886    ","447609.765976299    ","여관업","0","0","0","0","0","0","2","10","0","N","0","","","","","0","","","0","0","N"
"3040000","3040000-201-1981-00018","19811124","","01","영업/정상","01","영업","","","","","02 4526939","129.11","143825","서울특별시 광진구 구의동 246-40번지 ","서울특별시 광진구 아차산로 389 (구의동)","05044","폼 모텔","2019-03-26 12:02:23","U","2019-03-28 02:40:00.0","여관업","207528.015993508    ","448344.15499871     ","여관업","0","0","0","0","0","0","0","24","0","Y","0","","","","","0","","","0","0","N"
"3040000","3040000-201-1981-00019","19810928","","01","영업/정상","01","영업","","","","","02   4557100","214.77","143818","서울특별시 광진구 구의동 59-14","서울특별시 광진구 천호대로138길 4 (구의동)","04980","월 호텔(아차산역)","2022-11-29 16:48:17","U","2021-11-02 00:01:00.0","여관업","208153.013079542","449591.17376194","","","","","","","","","","","","","","","","","","","","","",""
"3040000","3040000-201-1981-00020","19810908","","03","폐업","02","폐업","20150731","","","","02 4589344","147.21","143918","서울특별시 광진구 구의동 244-19번지 ","서울특별시 광진구 아차산로 421 (구의동)","05045","미성여관","2014-10-28 16:59:04","I","2018-08-31 23:59:59.0","여관업","207840.427200578    ","448448.487369612    ","여관업","0","0","0","","0","","3","12","0","Y","0","","","","","","","","","","N"
"3040000","3040000-201-1981-00021","19811230","","03","폐업","02","폐업","20191108","","","","02 4631171","265.25","143846","서울특별시 광진구 자양동 236-103번지 ","서울특별시 광진구 동일로 54 (자양동)","05080","쉘","2019-11-08 11:08:20","U","2019-11-10 02:40:00.0","여관업","205391.382375241    ","448379.480529739    ","여관업","0","0","0","0","0","0","6","18","0","N","0","","","","","0","","","0","0","N"
"3040000","3040000-201-1981-00022","1981-12-31","","01","영업/정상","01","영업","","","","","02 4626981","245.08","143-846","서울특별시 광진구 자양동 203-5","서울특별시 광진구 동일로 36 (자양동)","05081","영동장여관","2023-02-09 11:34:50","U","2022-12-01 23:01:00.0","여관업","205321.284730435","448212.742081082","","","","","","","","","","","","","","","","","","","","","",""
"3040000","3040000-201-1981-00023","19810828","","03","폐업","02","폐업","20070105","","","","02 4478516","99.00","143896","서울특별시 광진구 중곡동 150-175번지 ","","","청운장여관","2006-06-02 00:00:00","I","2018-08-31 23:59:59.0","여관업","207467.022709777    ","450959.333130468    ","여관업","","","","","","","","14","","N","","","","","","","","","","","N"
"3040000","3040000-201-1981-00024","19810908","","03","폐업","02","폐업","20030630","","","","02 4543232","93.47","143887","서울특별시 광진구 중곡동 78-14번지 ","","","영빈장여관","2003-06-30 00:00:00","I","2018-08-31 23:59:59.0","여관업","207751.528492511    ","450716.68798343     ","여관업","","","","","","","4","12","","N","","","","","","","","","","","N"
"3040000","3040000-201-1981-00025","19811201","","03","폐업","02","폐업","20020831","","","","02 4679787","122.55","143838","서울특별시 광진구 군자동 471-1번지 ","","","대호장여관","2002-10-01 00:00:00","I","2018-08-31 23:59:59.0","여관업","206715.163962974    ","450559.947859031    ","여관업","0","0","0","","0","","4","10","0","N","0","","","","","","","","","","N"
"3040000","3040000-201-1981-00026","19811201","","03","폐업","02","폐업","20040629","","","","02 4676237","92.34","143901","서울특별시 광진구 중곡동 190-37번지 ","","","부강장","2002-02-26 00:00:00","I","2018-08-31 23:59:59.0","여관업","206815.946789856    ","451550.424992111    ","여관업","0","0","0","","0","","0","10","0","N","0","","","","","","","","","","N"
"3040000","3040000-201-1981-00027","19811008","","03","폐업","02","폐업","20150507","","","","02 4670029","40.89","143903","서울특별시 광진구 중곡동 240-16번지 ","서울특별시 광진구 동일로70길 52 (중곡동)","04911","부화여인숙","2014-03-14 12:55:22","I","2018-08-31 23:59:59.0","여인숙업","206962.348841596    ","451290.257816298    ","여인숙업","0","0","0","","0","","7","0","0","N","0","","","","","","","","","","N"
"3040000","3040000-201-1982-00009","19821119","","01","영업/정상","01","영업","","","","","02  456 0050","226.90","143825","서울특별시 광진구 구의동 246-13 ","서울특별시 광진구 아차산로 377 (구의동)","05044","뮤즈모텔","2020-11-26 13:25:28","U","2020-11-28 02:40:00.0","여관업","207418.481679701    ","448333.157588195    ","여관업","0","0","0","0","0","0","0","30","0","N","0","","","","","0","","","0","0","N"
"3040000","3040000-201-1982-00010","19821201","","03","폐업","02","폐업","20071116","","","","02 4632652","115.48","143916","서울특별시 광진구 화양동 21-46번지 ","","","씨티모텔","2007-03-20 00:00:00","I","2018-08-31 23:59:59.0","여관업","205938.857409559    ","449517.70711896     ","여관업","","","","","","","3","10","","Y","","","","","","","","","","","N"
"3040000","3040000-201-1982-00011","19821014","","01","영업/정상","01","영업","","","","","02 4631773","80.94","143916","서울특별시 광진구 화양동 23-33번지 ","서울특별시 광진구 광나루로12길 16 (화양동)","05007","힐모텔","2019-02-20 11:31:06","U","2019-02-22 02:40:00.0","여관업","205897.02142653     ","449416.260602558    ","여관업","0","0","0","0","0","0","0","11","0","Y","0","","","","","0","","","0","0","N"
"3040000","3040000-201-1982-00012","19821223","","01","영업/정상","01","영업","","","","","02 4647766","162.26","143916","서울특별시 광진구 화양동 20-31 ","서울특별시 광진구 광나루로14길 18 (화양동)","05007","엠모텔","2021-08-17 13:42:24","U","2021-08-19 02:40:00.0","여관업","205987.103240736    ","449462.523409362    ","여관업","0","0","0","0","0","0","0","17","0","Y","0","","","","","0","","","0","0","N"
"3040000","3040000-201-1982-00013","19820914","","03","폐업","02","폐업","20150910","","","","02 4637742","77.05","143916","서울특별시 광진구 화양동 23-37번지 ","서울특별시 광진구 동일로 168-8 (화양동)","05007","이화장","2014-07-24 16:36:29","I","2018-08-31 23:59:59.0","여관업","205871.40851089     ","449412.137071048    ","여관업","0","0","0","","0","","3","7","0","Y","0","","","","","","","","","","N"
"3040000","3040000-201-1982-00014","19821022","","03","폐업","02","폐업","20170321","","","","02 4561074","135.09","143863","서울특별시 광진구 자양동 580-5번지 ","서울특별시 광진구 자양번영로 45 (자양동)","05068","궁전장여관","2015-11-06 11:29:14","I","2018-08-31 23:59:59.0","여관업","206613.353669285    ","447944.009297941    ","여관업","0","0","0","","0","","4","10","0","N","0","","","","","","","","","","N"
"3040000","3040000-201-1982-00015","19821213","","03","폐업","02","폐업","20070523","","","","02 4529111","105.20","143867","서울특별시 광진구 자양동 631-18번지 ","","","신진여관","2002-02-04 00:00:00","I","2018-08-31 23:59:59.0","여관업","207141.695910461    ","447952.966391874    ","여관업","0","0","0","","0","","2","10","0","N","0","","","","","","","","","","N"
"3040000","3040000-201-1982-00016","19820701","","03","폐업","02","폐업","20201130","","","","02 4575356","278.49","143822","서울특별시 광진구 구의동 212-17 ","서울특별시 광진구 아차산로 459 (구의동)","05035","로데오모텔","2020-11-30 15:40:53","U","2020-12-02 02:40:00.0","여관업","208158.850031488    ","448619.540899466    ","여관업","0","0","0","0","0","0","0","30","0","N","0","","","","","0","","","0","0","N"
"3040000","3040000-201-1982-00017","19821222","","03","폐업","02","폐업","20071031","","","","02 4471177","350.60","143822","서울특별시 광진구 구의동 212-2번지 ","","","청아장여관","2003-07-07 00:00:00","I","2018-08-31 23:59:59.0","여관업","208261.748825555    ","448701.658478751    ","여관업","","","","","","","","37","","N","","","","","","","","","","","N"
"3040000","3040000-201-1982-00018","19820917","","03","폐업","02","폐업","20030226","","","","02 4465139","188.24","143200","서울특별시 광진구 구의동 59-4번지 ,5 ","","","하얀집여관","2003-03-22 00:00:00","I","2018-08-31 23:59:59.0","여관업","","","여관업","","","","","","","6","15","","Y","","","","","","","","","","","N"
"3040000","3040000-201-1982-00019","19820121","","03","폐업","02","폐업","20190208","","","","0234371018","63.94","143819","서울특별시 광진구 구의동 73-7번지 ","서울특별시 광진구 천호대로 696 (구의동)","04975","백송","2019-02-08 15:43:48","U","2019-02-10 02:40:00.0","여관업","208013.076976991    ","449670.858564835    ","여관업","0","0","0","0","0","0","3","7","0","Y","0","","","","","0","","","0","0","N"
"3040000","3040000-201-1982-00020","19820802","","01","영업/정상","01","영업","","","","","02 4454957","78.55","143896","서울특별시 광진구 중곡동 150-206번지 ","서울특별시 광진구 긴고랑로 90 (중곡동)","04922","서울장여관","2019-01-31 10:58:26","U","2019-02-02 02:40:00.0","여관업","207476.418168732    ","450901.506885223    ","여관업","0","0","0","0","0","0","0","14","0","N","0","","","","","0","","","0","0","N"
"3040000","3040000-201-1982-00021","19821220","","03","폐업","02","폐업","20150921","","","","02 4572352","125.88","143885","서울특별시 광진구 중곡동 39-51번지 ","서울특별시 광진구 긴고랑로 63 (중곡동)","04937","백운장여관","2011-08-19 13:27:10","I","2018-08-31 23:59:59.0","여관업","207295.58093608     ","451079.008997952    ","여관업","0","0","0","","0","","3","10","0","N","0","","","","","","","","","","N"
"3040000","3040000-201-1982-00022","19821119","","01","영업/정상","01","영업","","","","","02 4671594","181.29","143912","서울특별시 광진구 중곡동 647-15번지 ","서울특별시 광진구 능동로 323 (중곡동)","04918","휘모텔","2018-11-30 16:17:47","U","2018-12-04 02:40:00.0","여관업","206995.040093534    ","450699.020665486    ","여관업","0","0","0","0","0","0","5","13","0","N","0","","","","","0","","","0","0","N"
"3040000","3040000-201-1982-00023","19820130","","03","폐업","02","폐업","19961008","","","","020000  00",".00","143915","서울특별시 광진구 화양동 110-3번지 ","","","명궁장여관","2002-08-02 00:00:00","I","2018-08-31 23:59:59.0","여관업","","","여관업","0","0","0","","0","","0","0","0","Y","0","","","","","","","","","","N"
"3040000","3040000-201-1982-00024","19820219","","03","폐업","02","폐업","20170410","","","","02  464 7381","532.26","143842","서울특별시 광진구 자양동 24-6번지 ","서울특별시 광진구 동일로 90 (자양동)","05071","정모텔","2017-04-10 14:08:45","I","2018-08-31 23:59:59.0","여관업","205540.082598602    ","448702.306849626    ","여관업","","","","","","","","24","","N","","","","","","","","","","","N"
"3040000","3040000-201-1983-00004","1983-07-22","","03","폐업","02","폐업","2023-02-02","","","","02 4671043","230.00","143-838","서울특별시 광진구 군자동 478-1","서울특별시 광진구 천호대로 546 (군자동)","04997","큐","2023-02-02 14:23:32","U","2022-12-02 00:04:00.0","여관업","206880.216156365","450544.758416315","","","","","","","","","","","","","","","","","","","","","",""
"3040000","3040000-201-1983-00015","19830308","","01","영업/정상","01","영업","","","","","0222015100","221.86","143825","서울특별시 광진구 구의동 246-45번지 ","서울특별시 광진구 아차산로 385 (구의동)","05044","골드모텔","2020-02-25 17:08:14","U","2020-02-27 02:40:00.0","여관업","207491.770475999    ","448332.122857809    ","여관업","0","0","0","0","0","0","0","23","0","N","0","","","","","0","","","0","0","N"
"3040000","3040000-201-1983-00016","19830127","","01","영업/정상","01","영업","","","","","02 4570777","236.64","143819","서울특별시 광진구 구의동 69-32","서울특별시 광진구 자양로 226 (구의동)","04976","유토피아","2023-01-11 09:39:35","U","2022-11-30 23:03:00.0","여관업","207675.573239046","449402.550798111","","","","","","","","","","","","","","","","","","","","","",""
"3040000","3040000-201-1983-00017","19830603","","01","영업/정상","01","영업","","","","","02 4526727","321.23","143890","서울특별시 광진구 중곡동 117-6","서울특별시 광진구 용마산로 19 (중곡동)","04931","헤나모텔","2022-04-20 17:50:19","U","2021-12-03 22:03:00.0","여관업","207706.333240388","450355.34449522","","","","","","","","","","","","","","","","","","","","","",""
"3040000","3040000-201-1983-00018","19830927","","01","영업/정상","01","영업","","","","","02 4659123","151.74","143130","서울특별시 광진구 화양동 23-21 ,22 ","서울특별시 광진구 광나루로12길 12 (화양동,,22)","05007","프린스모텔","2020-09-21 09:13:57","U","2020-09-23 02:40:00.0","여관업","205901.559494464    ","449439.399698752    ","여관업","0","0","0","0","0","0","6","13","0","N","0","","","","","0","","","0","0","N"
"3040000","3040000-201-1983-00019","19831122","","03","폐업","02","폐업","20200511","","","","02 4995588","181.38","143916","서울특별시 광진구 화양동 19-12번지 ","서울특별시 광진구 광나루로14길 35 (화양동)","05008","올인","2020-05-11 10:36:10","U","2020-05-13 02:40:00.0","여관업","205969.585661929    ","449368.939772164    ","여관업","0","0","0","0","0","0","0","24","0","N","0","","","","","0","","","0","0","N"
"3040000","3040000-201-1983-00020","1983-11-09","","03","폐업","02","폐업","2023-02-24","","","","02 4640891","354.42","143-916","서울특별시 광진구 화양동 18-32","서울특별시 광진구 광나루로 354 (화양동)","05008","제일장여관","2023-02-24 16:15:50","U","2022-12-01 22:06:00.0","여관업","206041.488817405","449522.62415745","","","","","","","","","","","","","","","","","","","","","",""
"3040000","3040000-201-1983-00021","19831212","","03","폐업","02","폐업","20180425","","","","02 4630610","105.80","143915","서울특별시 광진구 화양동 111-105번지 한일장 ","서울특별시 광진구 광나루로 386-6, 한일장 (화양동)","05009","한일장여관","2018-04-25 13:57:32","I","2018-08-31 23:59:59.0","여관업","206331.327090614    ","449456.787146677    ","여관업","0","0","0","0","0","0","3","10","0","Y","0","","","","","0","","","0","0","N"
"3040000","3040000-201-1983-00022","19830112","","03","폐업","02","폐업","20200723","","","","02 4621717","97.48","143916","서울특별시 광진구 화양동 20-16 ","서울특별시 광진구 광나루로12길 13 (화양동)","05007","싼타페모텔","2020-07-23 10:03:34","U","2020-07-25 02:40:00.0","여관업","205921.860965043    ","449427.479191025    ","여관업","0","0","0","0","0","0","0","13","0","Y","0","","","","","0","","","0","0","N"
"3040000","3040000-201-1983-00023","19830919","","03","폐업","02","폐업","20181214","","","","02 4678555","89.50","143916","서울특별시 광진구 화양동 20-9번지 ","서울특별시 광진구 광나루로12길 7-4 (화양동)","05007","에스모텔","2018-12-14 15:20:28","U","2018-12-16 02:40:00.0","여관업","205941.385110331    ","449431.45855789     ","여관업","0","0","0","0","0","0","0","14","0","Y","0","","","","","0","","","0","0","N"
"3040000","3040000-201-1983-00024","19831228","","01","영업/정상","01","영업","","","","","02 4655873","138.98","143916","서울특별시 광진구 화양동 17-10","서울특별시 광진구 동일로30길 42 (화양동)","05008","프리마모텔","2022-11-01 09:21:10","U","2021-11-01 00:03:00.0","여관업","206086.374116549","449463.547117001","","","","","","","","","","","","","","","","","","","","","",""
"3040000","3040000-201-1983-00025","19831229","","01","영업/정상","01","영업","","","","","02 4656283","155.10","143916","서울특별시 광진구 화양동 21-38번지 ","서울특별시 광진구 동일로30길 17 (화양동)","05007","티아라모텔","2019-09-20 11:54:22","U","2019-09-22 02:40:00.0","여관업","205966.649092527    ","449499.944055468    ","여관업","0","0","1","3","0","0","0","20","0","Y","0","","","","","0","","","0","0","N"
"3040000","3040000-201-1983-00026","19830706","","01","영업/정상","01","영업","","","","","02 4616241","116.22","143916","서울특별시 광진구 화양동 20-32","서울특별시 광진구 광나루로14길 20 (화양동)","05007","플라워모텔","2022-11-10 16:38:42","U","2021-10-31 23:02:00.0","여관업","205982.328197371","449451.849967719","","","","","","","","","","","","","","","","","","","","","",""
"3040000","3040000-201-1983-00027","19831230","","01","영업/정상","01","영업","","","","","02 4637733","191.40","143916","서울특별시 광진구 화양동 21-41 ","서울특별시 광진구 동일로30길 15 (화양동)","05007","모텔스타킹","2021-10-13 16:45:59","U","2021-10-15 02:40:00.0","여관업","205955.064737453    ","449500.908290474    ","여관업","0","0","0","0","0","0","10","14","0","N","0","","","","","0","0","0","0","0","N"
"3040000","3040000-201-1983-00028","19831207","","01","영업/정상","01","영업","","","","","02 4546005","463.32","143190","서울특별시 광진구 자양동 795번지 ","서울특별시 광진구 아차산로 316 (자양동)","05053","발리모텔","2019-02-20 11:23:34","U","2019-02-22 02:40:00.0","여관업","206811.303715113    ","448382.640252737    ","여관업","0","0","0","0","0","0","0","20","0","N","0","","","","","0","","","0","0","N"
"3040000","3040000-201-1983-00029","19830928","","03","폐업","02","폐업","20210402","","","","02  454 0314","321.02","143190","서울특별시 광진구 자양동 794-1 ","서울특별시 광진구 아차산로 314 (자양동)","05053","에이삼일사(A314)","2021-04-02 13:44:33","U","2021-04-04 02:40:00.0","일반호텔","206790.345939184    ","448383.572348438    ","일반호텔","0","0","0","0","0","0","10","33","0","N","0","","","","","0","","","0","0","N"
"3040000","3040000-201-1983-00030","19830926","","03","폐업","02","폐업","20190326","","","","02 4534749","68.57","143190","서울특별시 광진구 자양동 653-5번지 ,6 ","서울특별시 광진구 뚝섬로 645 (자양동,,6)","05060","장미장여관","2019-03-26 14:52:22","U","2019-03-28 02:40:00.0","여관업","207124.932077141    ","447721.059102855    ","여관업","0","0","0","0","0","0","3","7","0","N","0","","","","","0","","","0","0","N"
"3040000","3040000-201-1983-00031","19830926","","01","영업/정상","01","영업","","","","","02 4578952","170.97","143190","서울특별시 광진구 자양동 657-16 ,27 ","서울특별시 광진구 자양로 63 (자양동,,27)","05056","피넛호텔","2021-02-09 16:06:19","U","2021-02-11 02:40:00.0","여관업","207400.578773815    ","447913.032479407    ","여관업","0","0","0","0","0","0","0","24","0","N","0","","","","","0","","","0","0","N"
"3040000","3040000-201-1983-00032","19830825","","03","폐업","02","폐업","20190711","","","","02 4585256","424.80","143819","서울특별시 광진구 구의동 68-28번지 ","서울특별시 광진구 자양로 210-1 (구의동)","04976","동궁모텔","2019-07-11 16:08:37","U","2019-07-13 02:40:00.0","여관업","207573.918912776    ","449292.714948059    ","여관업","0","0","0","0","0","0","0","25","0","N","0","","","","","0","","","0","0","N"
"3040000","3040000-201-1983-00033","19831208","","03","폐업","02","폐업","20200204","","","","02 4547570","273.48","143919","서울특별시 광진구 구의동 245-11번지 ","서울특별시 광진구 아차산로 426 (구의동)","05048","테마","2020-02-04 11:36:11","U","2020-02-06 02:40:00.0","여관업","207868.410375266    ","448402.59869749     ","여관업","0","0","0","0","0","0","19","30","0","N","0","","","","","0","","","0","0","N"
"3040000","3040000-201-1983-00034","19830228","","03","폐업","02","폐업","20221212","","","","02 4407070","213.78","143825","서울특별시 광진구 구의동 246-39","서울특별시 광진구 아차산로 393 (구의동)","","마레","2022-12-12 18:27:48","U","2021-11-01 23:04:00.0","여관업","207545.867307934","448350.983197315","","","","","","","","","","","","","","","","","","","","","",""
"3040000","3040000-201-1983-00035","19831026","","01","영업/정상","01","영업","","","","","02 4520917","353.36","143822","서울특별시 광진구 구의동 212-30번지 ","서울특별시 광진구 아차산로 465 (구의동)","05035","박스(BOX)호텔","2019-12-26 15:30:23","U","2019-12-28 02:40:00.0","여관업","208197.480705123    ","448648.416505638    ","여관업","0","0","1","4","0","0","11","27","0","N","0","","","","","0","","","0","0","N"
"3040000","3040000-201-1983-00036","19830131","","03","폐업","02","폐업","20130129","","","","02 4571302","188.42","143819","서울특별시 광진구 구의동 71-1번지 ","서울특별시 광진구 자양로 262 (구의동)","","낙원장여관","2008-08-22 10:36:50","I","2018-08-31 23:59:59.0","여관업","207918.910656744    ","449676.763666023    ","여관업","0","0","0","","0","","4","16","0","N","0","","","","","","","","","","N"
"3040000","3040000-201-1983-00037","19830919","","01","영업/정상","01","영업","","","","","02 4470035","969.44","143817","서울특별시 광진구 구의동 54-21번지 ","서울특별시 광진구 천호대로 679 (구의동)","04954","M.칼라스","2019-11-07 15:23:28","U","2019-11-09 02:40:00.0","여관업","207961.691771307    ","449823.696888296    ","여관업","0","0","0","0","0","0","0","40","0","N","0","","","","","0","","","0","0","N"
"3040000","3040000-201-1983-00038","19830304","","03","폐업","02","폐업","20210503","","","","02 4662448","219.29","143840","서울특별시 광진구 군자동 355 ","서울특별시 광진구 동일로 196 (군자동)","05003","딥","2021-05-03 16:48:55","U","2021-05-05 02:40:00.0","여관업","205976.633917423    ","449688.534404328    ","여관업","0","0","0","0","0","0","0","22","0","N","0","","","","","0","","","0","0","N"
"3040000","3040000-201-1983-00039","19830126","","03","폐업","02","폐업","20210426","","","","02 4633525","203.78","143840","서울특별시 광진구 군자동 350-7 ","서울특별시 광진구 동일로 208 (군자동)","05002","핀호텔(Pin Hotel)","2021-04-26 14:06:08","U","2021-04-28 02:40:00.0","여관업","206024.40502066     ","449791.534689632    ","여관업","0","0","0","0","0","0","0","24","0","N","0","","","","","0","","","0","0","N"
"3040000","3040000-201-1983-00040","19830805","","03","폐업","02","폐업","20170515","","","","02 4641381","347.41","143840","서울특별시 광진구 군자동 350-3번지 ","서울특별시 광진구 동일로 214 (군자동)","05002","후호텔","2017-05-12 13:32:32","I","2018-08-31 23:59:59.0","여관업","206038.869513525    ","449844.379971087    ","여관업","","","","","","","9","25","","Y","","","","","","","","","","","N"
"3040000","3040000-201-1983-00041","19830105","","01","영업/정상","01","영업","","","","","02 4576214","467.65","143805","서울특별시 광진구 광장동 241-1번지 ","서울특별시 광진구 아차산로 583 (광장동)","04968","대하장여관","2019-02-19 17:51:28","U","2019-02-21 02:40:00.0","여관업","209162.470345601    ","449284.449743562    ","여관업","0","0","0","0","0","0","0","38","0","N","0","","","","","0","","","0","0","N"
"3040000","3040000-201-1983-00042","19831201","","03","폐업","02","폐업","20030421","","","","02 4465728","118.21","143815","서울특별시 광진구 광장동 530-24번지 ","","","남경여관","2003-04-21 00:00:00","I","2018-08-31 23:59:59.0","여관업","208413.473710547    ","448845.549526061    ","여관업","","","","","","","3","10","","Y","","","","","","","","","","","N"
"3040000","3040000-201-1983-00043","19831014","","01","영업/정상","01","영업","","","","","02 4647551","378.00","143841","서울특별시 광진구 자양동 7-43","서울특별시 광진구 아차산로 234 (자양동)","05073","화양장여관","2023-01-11 10:34:41","U","2022-11-30 23:03:00.0","여관업","206045.707257167","448651.962282277","","","","","","","","","","","","","","","","","","","","","",""
"3040000","3040000-201-1983-00044","19830625","","03","폐업","02","폐업","20030421","","","","02 4635027","87.47","143845","서울특별시 광진구 자양동 74-1번지 ","","","삼풍장여관","2003-04-21 00:00:00","I","2018-08-31 23:59:59.0","여관업","","","여관업","","","","","","","2","8","","N","","","","","","","","","","","N"
"3040000","3040000-201-1983-00045","19830905","","03","폐업","02","폐업","20151113","","","","02 4443114","340.20","143891","서울특별시 광진구 중곡동 131-5번지 ","서울특별시 광진구 천호대로 611 (중곡동)","04930","파크웨이여관","2015-11-12 15:29:56","I","2018-08-31 23:59:59.0","여관업","207506.307314561    ","450319.929886795    ","여관업","0","0","0","0","0","0","5","34","0","N","0","","","","","0","","","0","0","N"
"3040000","3040000-201-1983-00046","19831102","","03","폐업","02","폐업","20220125","","","","02 4579020","242.17","143891","서울특별시 광진구 중곡동 131-9 ","서울특별시 광진구 천호대로 603 (중곡동)","04930","하트","2022-01-25 16:23:37","U","2022-01-27 02:40:00.0","여관업","207430.252136001    ","450357.297170384    ","여관업","0","0","0","0","0","0","4","20","0","N","0","","","","","0","0","0","0","0","N"
"3040000","3040000-201-1983-00047","19830310","","01","영업/정상","01","영업","","","","","02 4664250","194.42","143899","서울특별시 광진구 중곡동 163-5 ","서울특별시 광진구 능동로 363 (중곡동)","04914","넘버25호텔 중곡점","2021-03-29 16:13:31","U","2021-03-31 02:40:00.0","여관업","207157.899588742    ","451076.82510567     ","여관업","0","0","0","0","0","0","8","12","0","N","0","","","","","0","","","0","0","N"
"3040000","3040000-201-1983-00048","19831107","","03","폐업","02","폐업","20200702","","","","02  462 7088","322.84","143902","서울특별시 광진구 중곡동 198-42 ","서울특별시 광진구 면목로 176 (중곡동)","04903","주노","2020-07-02 09:43:36","U","2020-07-04 02:40:00.0","여관업","207275.477261312    ","451840.405435241    ","여관업","0","0","0","0","0","0","6","24","0","N","0","","","","","0","","","0","0","N"
"3040000","3040000-201-1983-00049","19830923","","01","영업/정상","01","영업","","","","","02  433 1882","195.42","143909","서울특별시 광진구 중곡동 554-1","서울특별시 광진구 면목로 198 (중곡동)","04903","랑데뷰","2022-11-10 16:36:48","U","2021-10-31 23:02:00.0","여관업","207306.44624601","452051.730320809","","","","","","","","","","","","","","","","","","","","","",""
"3040000","3040000-201-1983-00050","19830323","","01","영업/정상","01","영업","","","","","02432 5432","292.82","143910","서울특별시 광진구 중곡동 605-1번지 ","서울특별시 광진구 용마산로 192 (중곡동)","04938","파인힐","2020-01-31 21:35:46","U","2020-02-02 02:40:00.0","여관업","207565.43395181     ","452051.909676563    ","여관업","0","0","0","0","0","0","0","25","0","N","0","","","","","0","","","0","0","N"
"3040000","3040000-201-1983-00051","19830607","","03","폐업","02","폐업","20140829","","","","02 4325874","202.50","143220","서울특별시 광진구 중곡동 608-5번지 ","서울특별시 광진구 용마산로 187 (중곡동)","04903","그린피아여관","2014-03-11 16:02:02","I","2018-08-31 23:59:59.0","여관업","207517.258952999    ","452012.470712384    ","여관업","0","0","0","0","0","0","0","15","0","N","0","","","","","0","","","0","0","N"
"3040000","3040000-201-1983-00052","19831117","","01","영업/정상","01","영업","","","","","02 4637331","310.18","143904","서울특별시 광진구 중곡동 250-4","서울특별시 광진구 동일로 367 (중곡동)","04900","샐몬모텔","2022-11-10 16:35:06","U","2021-10-31 23:02:00.0","여관업","206632.809896476","451272.362374307","","","","","","","","","","","","","","","","","","","","","",""
"3040000","3040000-201-1983-00053","19831217","","01","영업/정상","01","영업","","","","","0222085256","196.80","143909","서울특별시 광진구 중곡동 555-2 ","서울특별시 광진구 면목로 204 (중곡동)","04903","정모텔","2020-07-21 11:36:11","U","2020-07-23 02:40:00.0","여관업","207312.069472884    ","452094.741574905    ","여관업","0","0","0","0","0","0","0","23","0","N","0","","","","","0","","","0","0","N"
"3040000","3040000-201-1983-00054","19831020","","01","영업/정상","01","영업","","","","","02 4694488","247.39","143901","서울특별시 광진구 중곡동 187-27번지 ","서울특별시 광진구 동일로 440 (중곡동)","04905","문","2019-02-19 18:05:07","U","2019-02-21 02:40:00.0","여관업","206973.627215929    ","451906.887051862    ","여관업","0","0","0","0","0","0","0","28","0","N","0","","","","","0","","","0","0","N"
"3040000","3040000-201-1983-00055","19830328","","03","폐업","02","폐업","20170828","","","","02 4574957","109.62","143895","서울특별시 광진구 중곡동 150-57번지 2,3층 ","서울특별시 광진구 긴고랑로 94 (중곡동,2,3층)","04922","반도장여관","2017-08-28 10:16:57","I","2018-08-31 23:59:59.0","여관업","207507.346425455    ","450884.069619451    ","여관업","0","0","0","","0","","4","8","0","N","0","","","","","","","","","","N"
"3040000","3040000-201-1983-00056","19830607","","03","폐업","02","폐업","20181206","","","","02 4663330","1,563.00","143150","서울특별시 광진구 군자동 473-21번지 ,22 ","서울특별시 광진구 천호대로 538 (군자동,,22)","04996","호텔쉴","2018-12-06 18:12:55","U","2018-12-08 02:40:00.0","여관업","206817.904034984    ","450570.523055769    ","여관업","0","0","0","0","0","0","0","39","0","N","0","","","","","0","","","0","0","N"
"3040000","3040000-201-1983-00057","19831124","","01","영업/정상","01","영업","","","","","02 4584224","217.20","143847","서울특별시 광진구 능동 220-6 ","서울특별시 광진구 천호대로 558 (능동)","04985","몰디브","2022-01-18 14:11:23","U","2022-01-20 02:40:00.0","여관업","206997.654706004    ","450484.085299752    ","여관업","0","0","0","0","0","0","0","25","0","N","0","","","","","0","","","0","0","N"
"3040000","3040000-201-1983-00058","19830810","","03","폐업","02","폐업","20041210","","","","02 4670301","178.40","143838","서울특별시 광진구 군자동 477-15번지 ","","","삼우장여관","2004-12-10 00:00:00","I","2018-08-31 23:59:59.0","여관업","","","여관업","","","","","","","5","16","","N","","","","","","","","","","","N"
"3040000","3040000-201-1983-00059","19830720","","03","폐업","02","폐업","20220711","","","","02 4664493","171.00","143912","서울특별시 광진구 중곡동 647-16","서울특별시 광진구 능동로 325 (중곡동)","04918","목화장여관","2022-07-11 09:18:20","U","2021-12-06 23:03:00.0","여관업","207002.314774381","450714.550915343","","","","","","","","","","","","","","","","","","","","","",""
"3040000","3040000-201-1983-00060","19831112","","03","폐업","02","폐업","20090427","","","","02 4570233","423.21","143848","서울특별시 광진구 능동 236-5번지 ","","","초원여관","2008-07-01 11:06:22","I","2018-08-31 23:59:59.0","여관업","207246.443885283    ","450358.72091879     ","여관업","0","0","0","","0","","8","27","0","N","0","","","","","","","","","","N"
"3040000","3040000-201-1983-00061","19830810","","01","영업/정상","01","영업","","","","","02 4981287","401.76","143838","서울특별시 광진구 군자동 469-18번지 ","서울특별시 광진구 면목로 33 (군자동)","04994","아미가","2020-04-21 11:30:21","U","2020-04-23 02:40:00.0","여관업","206666.314428187    ","450546.534657038    ","여관업","0","0","0","0","0","0","0","19","0","N","0","","","","","0","","","0","0","N"
"3040000","3040000-201-1983-00062","19831019","","03","폐업","02","폐업","20070607","","","","02 4666035","231.88","143838","서울특별시 광진구 군자동 466-1번지 ","","","스텔라여관","2004-02-17 00:00:00","I","2018-08-31 23:59:59.0","여관업","206502.857572748    ","450724.592487214    ","여관업","0","0","0","","0","","0","17","0","N","0","","","","","","","","","","N"
"3040000","3040000-201-1983-00063","19831123","","01","영업/정상","01","영업","","","","","02 4696939","254.00","143912","서울특별시 광진구 중곡동 611-1번지 ","서울특별시 광진구 동일로 335 (중곡동)","04900","헤라모텔","2019-02-20 11:08:40","U","2019-02-22 02:40:00.0","여관업","206494.379654847    ","450972.566595408    ","여관업","0","0","0","0","0","0","0","14","0","N","0","","","","","0","","","0","0","N"
"3040000","3040000-201-1983-00064","19830524","","01","영업/정상","01","영업","","","","","02 4546610","342.90","143821","서울특별시 광진구 구의동 201-3","서울특별시 광진구 광나루로 594 (구의동)","05034","위시앤스테이(WISH&STAY)","2022-11-10 16:32:49","U","2021-10-31 23:02:00.0","여관업","208263.69457561","448886.418038269","","","","","","","","","","","","","","","","","","","","","",""
"3040000","3040000-201-1983-00065","19830112","","01","영업/정상","01","영업","","","","","02 4579434","229.26","143888","서울특별시 광진구 중곡동 92-5번지 ","서울특별시 광진구 용마산로 24 (중곡동)","04950","코지","2018-11-30 16:30:08","U","2018-12-04 02:40:00.0","여관업","207753.598205093    ","450393.424922675    ","여관업","0","0","0","0","0","0","0","23","0","N","0","","","","","0","","","0","0","N"
"3040000","3040000-201-1983-00066","19830929","","03","폐업","02","폐업","20110725","","","","02 4575900","594.00","143873","서울특별시 광진구 자양동 679-28번지 ","","","고려장","2008-08-22 11:28:34","I","2018-08-31 23:59:59.0","여관업","207450.459179791    ","447746.321126737    ","여관업","0","0","0","","0","","11","12","0","N","0","","","","","","","","","","N"
"3040000","3040000-201-1983-00067","19830901","","01","영업/정상","01","영업","","","","","02  22050401","134.40","143846","서울특별시 광진구 자양동 203-2번지 ","서울특별시 광진구 동일로 34 (자양동)","05081","강변모텔","2019-12-12 17:09:25","U","2019-12-14 02:40:00.0","여관업","205310.285709458    ","448183.850317743    ","여관업","0","0","0","0","0","0","6","10","0","N","0","","","","임대","0","","","0","0","N"
"3040000","3040000-201-1983-00068","19831114","","01","영업/정상","01","영업","","","","","02 4528115","337.92","143864","서울특별시 광진구 자양동 581-4번지 ","서울특별시 광진구 자양번영로 31, 2,3층 (자양동)","05092","은성","2018-11-30 15:54:18","U","2018-12-04 02:40:00.0","여관업","206577.287991319    ","447806.088004584    ","여관업","0","0","0","0","0","0","0","13","0","N","0","","","","","0","","","0","0","N"
"3040000","3040000-201-1983-00069","19831024","","01","영업/정상","01","영업","","","","","02 4617110","166.32","143902","서울특별시 광진구 중곡동 210-10","서울특별시 광진구 면목로 183-1 (중곡동)","04902","라마","2022-10-31 16:48:57","U","2021-11-01 00:02:00.0","여관업","207257.069658853","451928.745163603","","","","","","","","","","","","","","","","","","","","","",""
"3040000","3040000-201-1984-00005","19840223","","03","폐업","02","폐업","20210701","","","","02 4476900","1,535.16","143835","서울특별시 광진구 구의동 633-4 ","서울특별시 광진구 광나루로30길 3 (구의동)","05023","호텔스타건대","2021-07-01 18:31:45","U","2021-07-03 02:40:00.0","여관업","207215.701878385    ","449185.03038418     ","여관업","0","0","0","0","0","0","0","39","0","Y","0","","","","","0","","","0","0","N"
"3040000","3040000-201-1984-00014","19841216","","03","폐업","02","폐업","20031010","","","","02 4539331","217.91","143819","서울특별시 광진구 구의동 71-29번지 ","","","은하장","2005-04-22 00:00:00","I","2018-08-31 23:59:59.0","여관업","207889.562789686    ","449643.691169752    ","여관업","","","","","","","7","18","","N","","","","","","","","","","","N"
"3040000","3040000-201-1984-00015","19841216","","03","폐업","02","폐업","20190228","","","","02 4463000","387.90","143819","서울특별시 광진구 구의동 71-29번지 ","서울특별시 광진구 자양로 258 (구의동)","04975","모텔 아크로","2019-02-28 10:58:24","U","2019-03-02 02:40:00.0","여관업","207889.562789686    ","449643.691169752    ","여관업","0","0","0","0","0","0","0","29","0","N","0","","","","","0","","","0","0","N"
"3040000","3040000-201-1984-00016","19840725","","01","영업/정상","01","영업","","","","","02 4632589","81.70","143916","서울특별시 광진구 화양동 23-10","서울특별시 광진구 동일로 172-9 (화양동)","05007","코자자모텔","2022-12-15 10:47:15","U","2021-11-01 23:07:00.0","여관업","205905.765976001","449462.648617056","","","","","","","","","","","","","","","","","","","","","",""
"3040000","3040000-201-1984-00017","19841217","","01","영업/정상","01","영업","","","","","02 4657575","264.99","143916","서울특별시 광진구 화양동 18-11 ","서울특별시 광진구 광나루로14길 5 (화양동)","05008","호텔테마","2020-11-16 10:12:21","U","2020-11-18 02:40:00.0","여관업","206038.421088232    ","449508.096492795    ","여관업","0","0","0","0","0","0","12","16","0","N","0","","","","","0","","","0","0","N"
"3040000","3040000-201-1984-00018","19840107","","03","폐업","02","폐업","20201005","","","","02 4471235","174.06","143818","서울특별시 광진구 구의동 59-1 4,5호 ","서울특별시 광진구 천호대로 700 (구의동,4,5호)","04980","스카이","2020-10-05 16:11:04","U","2020-10-07 02:40:00.0","여관업","208062.211716832    ","449642.379782997    ","여관업","0","0","0","0","0","0","0","33","0","N","0","","","","","0","","","0","0","N"
"3040000","3040000-201-1984-00019","19840118","","03","폐업","02","폐업","20191216","","","","02 4690302","137.67","143841","서울특별시 광진구 자양동 7-17번지 ","서울특별시 광진구 아차산로 226 (자양동)","05073","재흥장여관","2019-12-16 15:53:32","U","2019-12-18 02:40:00.0","여관업","205981.530324352    ","448685.25719951     ","여관업","0","0","0","0","0","0","0","30","0","N","0","","","","","0","","","0","0","N"
"3040000","3040000-201-1984-00020","19840131","","03","폐업","02","폐업","19950710","","","","000000  00",".00","143840","서울특별시 광진구 군자동 350-3번지 ","","","만년장여관","2002-08-02 00:00:00","I","2018-08-31 23:59:59.0","여관업","206038.869513525    ","449844.379971087    ","여관업","0","0","0","","0","","0","0","0","N","0","","","","","","","","","","N"
"3040000","3040000-201-1990-00001","19900201","","03","폐업","02","폐업","20171017","","","","02 4996477","98.52","143846","서울특별시 광진구 자양동 236-90번지 ","서울특별시 광진구 뚝섬로 471-4 (자양동)","05080","성춘장여관","2017-10-17 11:08:25","I","2018-08-31 23:59:59.0","여관업","205477.134659707    ","448312.303781151    ","여관업","0","0","0","0","0","0","2","8","0","N","0","","","","","0","","","0","0","N"
"3040000","3040000-201-1991-00003","19910422","","01","영업/정상","01","영업","","","","","02 4551100","3,142.93","143831","서울특별시 광진구 구의동 595-0","서울특별시 광진구 구의강변로 38 (구의동)","05116","(주)동서울관광호텔","2022-12-28 10:42:49","U","2021-11-01 21:00:00.0","관광호텔","208051.884671132","447994.805558304","","","","","","","","","","","","","","","","","","","","","",""
"3040000","3040000-201-1996-00001","19960101","","01","영업/정상","01","영업","","","","","02 4462805","119.75","143890","서울특별시 광진구 중곡동 117-8","서울특별시 광진구 용마산로 17 (중곡동)","04931","귀빈장","2022-07-08 17:45:59","U","2021-12-06 23:02:00.0","여관업","207709.979502158","450328.823860197","","","","","","","","","","","","","","","","","","","","","",""
"3040000","3040000-201-2000-00001","20000711","","03","폐업","02","폐업","20000719","","","","02 4645446",".00","143916","서울특별시 광진구 화양동 23-16번지 ","","","거북장여관","2003-01-02 00:00:00","I","2018-08-31 23:59:59.0","여관업","205880.867136       ","449459.297399       ","여관업","0","0","0","","0","","10","0","0","Y","0","","","","","","","","","","N"
"3040000","3040000-201-2002-00001","20021119","","01","영업/정상","01","영업","","","","","0234090497","315.88","143838","서울특별시 광진구 군자동 471-1 ","서울특별시 광진구 능동로35길 41 (군자동)","04996","애플","2020-09-08 14:16:50","U","2020-09-10 02:40:00.0","여관업","206715.163962974    ","450559.947859031    ","여관업","0","0","0","0","0","0","0","15","0","N","0","","","","","0","","","0","0","N"
"3040000","3040000-201-2003-00001","20030102","","03","폐업","02","폐업","20160603","","","","02 4983470","171.57","143916","서울특별시 광진구 화양동 23-16번지 ","서울특별시 광진구 동일로 172-4 (화양동)","","거북장","2012-01-03 10:50:13","I","2018-08-31 23:59:59.0","여관업","205880.867136       ","449459.297399       ","여관업","","","","","","","","9","","N","","","","","","","","","","","N"
"3040000","3040000-201-2012-00001","20120620","","01","영업/정상","01","영업","","","","","0222185000","30,402.74","143758","서울특별시 광진구 자양동 227-342번지 더 클래식500 ","서울특별시 광진구 능동로 90, 더 클래식500 (자양동)","05065","더클래식500펜타즈","2018-11-29 14:53:06","U","2018-12-01 02:40:00.0","관광호텔","206217.434726027    ","448506.218743834    ","관광호텔","0","0","5","20","0","0","0","84","0","N","0","","","","","0","","","0","0","N"
"3040000","3040000-201-2015-00001","20150921","","01","영업/정상","01","영업","","","","","02  465 7171","2,821.00","143840","서울특별시 광진구 군자동 350-6","서울특별시 광진구 동일로 212 (군자동)","05002","호텔컬리넌건대","2022-09-30 13:51:33","U","2021-10-31 00:02:00.0","관광호텔","206032.404204369","449812.167768449","","","","","","","","","","","","","","","","","","","","","",""
"3040000","3040000-201-2016-00001","20160617","","03","폐업","02","폐업","20190612","","","","02  466 7851","5,568.11","143912","서울특별시 광진구 중곡동 638-3번지 ","서울특별시 광진구 천호대로 521 (중곡동)","04920","호텔더디자이너스건대","2019-06-12 15:57:28","U","2019-06-14 02:40:00.0","관광호텔","206698.893815455    ","450714.384110768    ","관광호텔","9","3","","","","","0","75","0","N","0","","","","자가","0","0","0","0","0","N"
"3040000","3040000-201-2017-00001","20170523","","01","영업/정상","01","영업","","","","","02  456 1261","5,959.76","143847","서울특별시 광진구 능동 276-1 220-1, 220-3 ","서울특별시 광진구 천호대로 560 (능동)","04985","호텔부티크나인","2021-05-06 11:48:31","U","2021-05-08 02:40:00.0","관광호텔","207010.871583566    ","450476.132985226    ","관광호텔","17","2","1","17","1","2","0","86","0","N","0","","","","자가","0","0","0","0","0","N"
"3040000","3040000-201-2017-00002","20170523","","01","영업/정상","01","영업","","","","","02   4991585","1,998.15","143840","서울특별시 광진구 군자동 350-1 350-2, 350-3 ","서울특별시 광진구 동일로 214 (군자동)","05002","호텔컬리넌 건대2","2022-03-08 15:16:23","U","2022-03-10 02:40:00.0","관광호텔","206049.041722081    ","449837.413487285    ","관광호텔","10","1","1","10","1","1","0","56","0","N","0","","","","자가","0","0","0","0","0","N"
"3040000","3040000-201-2018-00001","2018-01-05","","01","영업/정상","01","영업","","","","","02  499 8616","2950.75","143-916","서울특별시 광진구 화양동 24-15","서울특별시 광진구 동일로 156 (화양동)","05013","에이치에비뉴 호텔 건대점","2023-03-13 17:06:07","U","2022-12-02 23:05:00.0","관광호텔","205814.775584133","449312.4702829","","","","","","","","","","","","","","","","","","","","","",""
"3040000","3040000-201-2018-00002","20180206","","01","영업/정상","01","영업","","","","","02  463 5678","4,325.11","143916","서울특별시 광진구 화양동 23-15번지 ","서울특별시 광진구 동일로 172 (화양동)","05007","호텔더디자이너스 프리미어 건대","2018-02-06 16:38:13","I","2018-08-31 23:59:59.0","관광호텔","205879.365670312    ","449454.638559578    ","관광호텔","0","0","1","18","1","1","0","100","0","N","0","","","","","0","0","0","0","0","N"
"3040000","3040000-201-2018-00003","20180621","","01","영업/정상","01","영업","","","","","","2,484.97","143842","서울특별시 광진구 자양동 24-6 호텔케이월드 ","서울특별시 광진구 동일로 90, 호텔케이월드 (자양동)","05071","호텔케이월드","2021-08-12 14:02:19","U","2021-08-14 02:40:00.0","관광호텔","205540.082598602    ","448702.306849626    ","관광호텔","11","1","1","11","1","1","0","54","0","N","0","","","","자가","0","0","0","0","0","N"
"3040000","3040000-201-2019-00001","20190612","","01","영업/정상","01","영업","","","","","02  22463232","5,568.11","143912","서울특별시 광진구 중곡동 638-3번지 호텔 더디자이너스 건대 ","서울특별시 광진구 천호대로 521, 호텔 더디자이너스 건대 지하3~지상9층 (중곡동)","04920","호텔더디자이너스건대","2020-04-22 17:49:41","U","2020-04-24 02:40:00.0","관광호텔","206698.893815455    ","450714.384110768    ","관광호텔","0","0","1","9","3","1","0","75","0","N","0","","","","","0","0","0","0","0","N"
"3040000","3040000-201-2023-00001","2023-01-31","","01","영업/정상","01","영업","","","","","02  456 3271","2060.00","143-808","서울특별시 광진구 광장동 327-1","서울특별시 광진구 아차산로76가길 12 (광장동)","04969","나무호텔","2023-01-31 17:13:55","I","2022-12-02 00:02:00.0","관광호텔","209407.745384399","449459.252995276","","","","","","","","","","","","","","","","","","","","","",""